Question,Cognitive_Category,,,,
Compare waterfall model and spiral model.,Analyze,,,,
What is Agility ? Describe Extreme programming process ?,Understand,,,,
What do you understand by process maturity ?,Understand,,,,
Prepare software requirement specification (SRS) for course management system.,Create,,,,
Draw DFD Level 0 1 and 2 for course management system and explain.,Apply,,,,
Which life cycle model would you follow for developing following project and why? (i) Library Management System (ii) Web Applications,Evaluate,,,,
(b) List three common types of risks that a typical software project might suffer from. Give the RMMM plan for the same.,Apply,,,,
(a) Describe the activities of project scheduling and tracking.,Understand,,,,
(b) What is quality assurance ? Discuss various levels of quality assurance in software engineering,Understand,,,,
(a) What is baseline in the content of software configuration management ? ,Remember,,,,
Describe how version control and change control are carried out during SCM?,Understand,,,,
(b) What are the main advantages of using an object-oriented approach to software design over a function oriented approach ?,Apply,,,,
(a) Explain the user interface design process.,Understand,,,,
(b) Explain the term unit testing integration testing. Also compare top-down and bottom-up testing.,Evaluate,,,,
Write a short note on (a)Service-oriented software engineering (b) Reverse engineering (c) Empirical estimation techniques (d) Test driven development.,Understand,,,,
Justify any five guidelines of metrics with respect to your project of choice. Explain it with suitable diagrams. Of above project of choice ? ,Evaluate,,,,
How would you reduce the maintenance cost of software and increase the re-usability ,Create,,,,
Design a RMMM plan for a database project. Explain the plan with atleast five risks and analyse the same.,Create,,,,
What is the importance of change control ? Explain it with configuration items and baselines. ,Understand,,,,
What are the different tasks of software configuration management ? ,Understand,,,,
Justify the requirement of object oriented software Engineering. Which tests play important role in object oriented context ? ,Evaluate,,,,
List and explain the fundamental concepts for software design.,Understand,,,,
Which tests are carried out during verification and validation ? Explain in detail. ,Understand,,,,
Explain the different techniques of software requirement analysis. ,Understand,,,,
Discuss the software project planning with the help of SRS. ,Apply,,,,
List and explain the activities of version control. ,Understand,,,,
Explain basis path testing and cyclometric complex with example and diagram.,Understand,,,,
Write short notes on (any two) :—(a) User interface design principles (b) Impirical estimation model (c) CMM. ,Understand,,,,
A system is designed for evaluation of various tenders received by an 20 organization. It had various steps like data entry of bids tabulation of bids preparation of lowest bid document entry of actual orders with actual prices negotiated preparation of a 'deviation document that will record all differences between lowest bid and actual orders. The entire system was built under text based UNIX and is being proposed to be changed to a GUI and windows based system. Draw data flow diagram (level 0 1 2 and control flow diagram describing all details. ,Create,,,,
Explain Software Configuration Management in detail. ,Understand,,,,
Compare and Contrast Coupling and Cohesion. ,Understand,,,,
Explain risk identification risk projection RMMM plan in detail.,Understand,,,,
Explain how Ganntt-chart can be used for planning and controlling small Projects with suitable example? What are the limitations of Gantt-Chart ? ,Apply,,,,
Explain various steps involved in SRS for case study in question no. one. ,Understand,,,,
What is feasibility study? Explain its types contents and purpose.,Understand,,,,
Explain the difference between (1) White Box and Black Box Testing (ii) Component Based Model and Spiral Model. ,Understand,,,,
Describe project scheduling and tracking with any suitable example. ,Understand,,,,
Explain in detail software project plan with case study in question no. one. ,Create,,,,
Write Short Notes on any two (a) CMM and Key Process Areas (b) Security engineering (c) Reengineering (d) Design Concepts and Principles . ,Understand,,,,
Define Metrics. Describe process and project metrics.,Understand,,,,
What is Agility ? Define the principal to achieve agility.,Remember,,,,
What is functional and non-functional requirement of SRS ?,Remember,,,,
What are the advantages of test driven development ? ,Remember,,,,
Explain incremental process model with suitable example.,Understand,,,,
Explain change control in detail along with software configuratioin items and baseline,Understand,,,,
Explain different steps in requirement engineering.,Understand,,,,
Discuss and compare coupling and cohesion in brief. ,Understand,,,,
What test is carried during validation and verification ? Explain with example.,Analyze,,,,
 List and explain the fundamental concepts for software design.,Understand,,,,
Explain different types of maintenance with suitable example.,Understand,,,,
What is quality Assurance ? What are different parameters of Quality ?,Remember,,,,
What are the risks associated with software projects ? How do project managers manage such risks ? ,Apply,,,,
List down and explain the activities of scheduling and tracking for Library management system. ,Apply,,,,
Write a short notes on any two : (a) Re-engineering. (b) Security Engineering. (c) White Box and Black Box Testing. (d) CMM and Key Process Areas. ,Understand,,,,
Discuss incremental process model and evolutionary process model with reference to the suitability of the project.,Evaluate,,,,
Explain how size oriented metrics differs from function oriented metrics. Give example when each are recommended. ,Evaluate,,,,
Give software requirement specification (SRS) for developing a software for payroll management system.,Apply,,,,
 Workout data flow diagram and control flow diagram in detail respect to payroll management system.,Apply,,,,
Explain the various levels of quality assurance in software Engineering with reference to different parameters of quality.,Analyze,,,,
What is configuration audit? How change in managed in web applications? ,Understand,,,,
 Discuss and compare TDD (Test driven development) and DDT (design driven testing).,Analyze,,,,
 What activities are carried out during FTR and status reporting and why? ,Understand,,,,
List down and explain the activities carried out during scheduling and tracking.,Understand,,,,
Discuss the cases where change control and version control are required with its purposes. ,Apply,,,,
Compare the conventional approach and object oriented approach to software development with suitability.,Understand,,,,
What is requirement of risk analysis. What are the possible risks that may affect the scheduling? How you can overcome the same? ,Analyze,,,,
Write short noe on:—(a) SCRUM and CRYSTAL (b) Design concepts and principles (c) Coupling and cohesion (d) Gantt chart ,Understand,,,,
What are the different tasks of Software Configuration Management (SCM) ? Discuss each in brief.,Understand,,,,
What do you understand by Quality Assurance ? Explain the Levels of Quality Assurance.,Understand,,,,
What is Feasibility Study ? Explain its type contents and purpose. ,Understand,,,,
What do you understand by metrics ? List and explain Process and Project metrics,Understand,,,,
Compare and contrast coupling and cohesion.,Understand,,,,
Explain the user interface Design Process.,Understand,,,,
Explain the difference between White Box and Black Box testing. ,Understand,,,,
What are the advantages of Object Oriented Software Engineering ?,Remember,,,,
Give a Software Requirement Specification (SRS) for deyeloping a Software for Hospital Management System.,Create,,,,
Describe Project Scheduling and tracking with any suitable example.,Understand,,,,
Expiain agile methodology using SCROM.  ,Apply,,,,
Explain requirement engineering.      ,Understand,,,,
Write short notes on any four of the following :-   (a) Software Tools for Analysis  (b) Re-engineering (c) Architectural Styles  (d) Software Project Planning  (e) RAD and Spiral Models,Understand,,,,
Enlist and explain the steps require to perform cost estimation using COCOMO model ? ,Understand,,,,
Give a Software Requirement Specification (SRS) for developing a software for Payroll Management System ,Create,,,,
Explain Software Configuration Management and Change Control Management in detail.,Understand,,,,
Explain CMM along with the Level and activities with each revel. ,Understand,,,,
Explain how Gantt-chart can be used for planning and controlling small projects with example ? What are the limitations of Gantt-chart ? ,Apply,,,,
Explain risk identification risk projection RMMM plan in detail.,Understand,,,,
What do you understand by Quality Assurance ? Explain the levels of Quality Assurance.,Understand,,,,
Explain Basic path testing and Cyclomatic complexity in detail. ,Understand,,,,
Compare conventional approach and object oriented approach to software development ? What are the advantages of OOAD ?,Analyze,,,,
What is feasible study ? Explain its types contents and purpose. ,Understand,,,,
 Explain how project scheduling and tracking is done for a software development project ? ,Apply,,,,
Describe data flow and control flow diagram with suitable example. ,Understand,,,,
Distinguish between :—(a) White Box and Black Box Testing (b) Coupling and Cohesion (c) RAD and Spiral Model (d) FP Based and LCC Based Cost Estimation.,Understand,,,,
Define Software Engineering. Explain the importance of Software Engineering.,Understand,,,,
Explain the incremental model with advantages and disadvantages.,Understand,,,,
What is software myth ? Give an example.,Understand,,,,
Explain the Extreme Programming Process.,Understand,,,,
Explain how component based development reduces the time of software development ?,Analyze,,,,
What are the disadvantages of the water fall model ?,Remember,,,,
Explain the data flow diagram with an example.,Understand,,,,
Explain the elements of an analysis model.,Understand,,,,
Give the use case diagram for ‘Library book issue system’. Write the scope of the system.,Apply,,,,
Explain the elements of an activity diagram with an example.,Understand,,,,
Explain any two architectural styles.,Understand,,,,
Explain modularity and information hiding in software design.,Understand,,,,
What is component level design ?,Remember,,,,
Explain the user interface design process.,Understand,,,,
How functional independence is achieved in software design ?,Understand,,,,
What do you mean by application accessibility and internationalization in user interface design ?,Remember,,,,
What is software testing ? Explain the software testing strategies.,Understand,,,,
How test cases are derived in basis path testing ?,Evaluate,,,,
What do you mean by performance testing ?,Remember,,,,
Explain and compare incremental integration testing strategies.,Understand,,,,
Explain the debugging tactics.,Understand,,,,
What is acceptance testing ?,Remember,,,,
Explain the function point method for estimation.,Understand,,,,
Explain the Make-buy decision with an example.,Understand,,,,
How problem based estimation is carried out ? Explain with an example.,Understand,,,,
Give different team structures for software development team.,Remember,,,,
Explain the following in brief. i) Risk assessment ii) SCM repository.,Understand,,,,
What is work break down structure ? How this is used in task network of project scheduling ?,Apply,,,,
Explain any four quality measures of software.,Understand,,,,
Explain the tracking of software development schedule.,Understand,,,,
What do you mean by software myths ? State the myths and facts for software developer.,Remember,,,,
Explain the prototyping model with its advantages and disadvantages.,Understand,,,,
State the activities of spiral model.,Remember,,,,
Explain the water fall model with V model.,Understand,,,,
Explain the component development model with activities.,Understand,,,,
Give the need of different process models in software development.,Evaluate,,,,
Explain the analysis model elements with models created in each.,Understand,,,,
State and explain any four requirements engineering tasks.,Understand,,,,
Give the actors use cases and use case diagram for “Online mobile order and purchase system”. Write the scope of the system.,Apply,,,,
Explain the elements of Data flow diagram with an example.,Understand,,,,
Explain the architectural context diagram with an example.,Understand,,,,
Explain the types of design classes.,Understand,,,,
Differentiate between design and architecture,Analyze,,,,
State and explain any four design principles.,Understand,,,,
Explain the user interface design process.,Understand,,,,
What is layered architecture ?,Remember,,,,
What is software testing ? Explain the software testing strategy for software development.,Understand,,,,
Explain the debugging process.,Understand,,,,
What is the need of stubs and drivers in software testing ?,Remember,,,,
Explain the integration testing approaches.,Understand,,,,
What do you mean by performance testing and recovery testing ?,Understand,,,,
Differentiate between verification and validation.,Understand,,,,
Explain the computation of function point metric for project estimation with an example.,Understand,,,,
Explain any four quality measures of software.,Understand,,,,
What is LOC based estimation ? Explain with an example,Understand,,,,
Explain COCOMO model for project estimation.,Understand,,,,
Write short notes for the following : i) Risk table ii) Change control process.,Understand,,,,
Explain the software configuration management process.,Understand,,,,
What is a task network ? How it is used in scheduling of software project ?,Understand,,,,
Explain the risk identification and assessment process for a software project,Understand,,,,
What do you mean by working and throwaway prototypes? Explain how they are used in prototyping model? ,Understand,,,,
Explain the water fall model with its advantages and disadvantages. ,Understand,,,,
State the generic process framework activities. ,Remember,,,,
Explain the phases of unified process model. ,Understand,,,,
State the myths of the practitioner and the realities.,Remember,,,,
Why is the formal methods model used in critical software development?,Analyze,,,,
Explain the scenario based modeling with an example.,Understand,,,,
Give the scope and modeling of association and dependencies between the classes for a Payroll Management System.,Analyze,,,,
State and explain the methods for eliciting requirements. ,Understand,,,,
What is the significance of data flow modeling? Create level one DFD for an ATM system.,Create,,,,
Explain the quality attributes considered in software design.,Understand,,,,
What are the characteristics of a well formed design class?,Remember,,,,
Differentiate between abstraction and refinement.,Understand,,,,
Explain the user interface design steps. ,Understand,,,,
What are the design principles for reducing the user's memory load in user interface design? ,Create,,,,
 Explain in brief call and return architecture. ,Understand,,,,
What is unit testing? Explain the unit testing process. ,Understand,,,,
Explain the strategic approach to software testing.,Understand,,,,
Compare the software testing with debugging.  ,Analyze,,,,
Basis path testing is covers all statements in a program module. Justify with example. ,Evaluate,,,,
Explain any two system testing methods. ,Understand,,,,
Differentiate between white box and black box testing.,Understand,,,,
What do you mean by software project estimation? Explain the process based estimation with an example.,Apply,,,,
Explain defect removal efficiency as a metric for project and process.,Apply,,,,
What is empirical estimation model? Explain with any one technique.,Understand,,,,
Explain the decision tree technique for make/buy decision. ,Understand,,,,
Write short notes for the following : i)  Risk identification.  ii) Software configuration process.,Understand,,,,
Discuss the techniques used in tracking the project schedule.,Understand,,,,
What is time line chart? How it is used in scheduling of software  project?,Apply,,,,
Explain the change control process in software configuration process.,Understand,,,,
Define software engineering. What are the software characteristics ? What are the various categories of software ?,Remember,,,,
State and explain customer’s myths.,Remember,,,,
Explain in detail software crises.,Understand,,,,
What is software process model ? Explain the incremental process model.,Understand,,,,
Explain in detail process pattern.,Understand,,,,
What are the management myths ?,Remember,,,,
Explain the scenario based elements of analysis model in detail.,Understand,,,,
Explain in detail requirement engineering task.,Understand,,,,
What are the characteristics that requirement must meet ?,Remember,,,,
Draw and explain the traceability table for requirement management.,Understand,,,,
Describe two real time situation in which the customer and the end-user is same. Describe two situation in which they are different.,Analyze,,,,
What are the design quality guidelines ?,Remember,,,,
What are the elements in data design ? What are the guidelines for the data design ?,Understand,,,,
Explain the Web Application Architecture.,Understand,,,,
What are the interface design principles and guidelines ?,Understand,,,,
What is importance of testing practices ? What are the principles of testing practices ?,Understand,,,,
Explain in detail : 1) Top-down integration testing 2) Bottom-up testing.,Understand,,,,
What is cyclomatic complexity ? How is it determined for a flow graph ? Illustrate with example.,Apply,,,,
Explain following testing types 1) Validation testing  2) Acceptance testing  3) Smoke testing process.,Understand,,,,
What are the categories of stakeholders ? What are the characteristics of effective project manager ?,Remember,,,,
What are the attributes of effective software metrics ? Explain in detail Defect Removal Efficiency.,Understand,,,,
How do you measure software quality in terms of maintainability and integrity ?,Evaluate,,,,
What is Object Oriented metric ?,Remember,,,,
Explain size oriented metric ? What data should we collect to derive size oriented metrics ?,Understand,,,,
What are the software quality factors ? Explain any four.,Understand,,,,
What are the types of risks ? Explain in brief.,Understand,,,,
What is configuration audit ? What is status reporting ?,Remember,,,,
Write short note on :  1) RMMM   2) Change control process,Understand,,,,
Explain the waterfall model with work products of each activity.,Understand,,,,
What is Software Engineering? Explain the layered approach to Software Engineering.,Understand,,,,
Explain the following terms in brief. 1. Software Crisis  2. Legacy Software 3. Stakeholder 4. Software myth,Understand,,,,
Compare the agile and evolutionary process models with a specific process model for each.,Analyze,,,,
Create the swimlane diagram for monitoring of sensor in a Safehome security system’ from control panel.,Create,,,,
How use cases are used in modeling requirements?,Apply,,,,
What are the workproducts of Elicitation?,Remember,,,,
Explain the elements of requirements model.,Understand,,,,
How do you model the data objects?,Create,,,,
Write a CRC for the class ‘Email system user’.,Create,,,,
Explain the following design concepts. i. Refinement ii. Modularity iii. Architecture,Understand,,,,
Explain the elements of design model.,Understand,,,,
Compare data flow and data centered architecture.,Analyze,,,,
Give the architecture context diagram for room temperature monitor system.,Create,,,,
Explain the following.  i. Smoke testing ii. Regression Testing,Understand,,,,
Explain the debugging process.,Understand,,,,
How do you ensure the completion of testing?,Evaluate,,,,
Explain the graph matrix and loop testing methods.,Understand,,,,
How Object oriented testing differs from conventional testing strategies?,Analyze,,,,
What do you mean by acceptance testing?,Understand,,,,
Differentiate between measure and metric. What is GQM paradigm for software measurement?,Understand,,,,
How do you calculate FP and how it is used in estimation of a software project?,Apply,,,,
Explain the role of people process and product in project Management.,Understand,,,,
How do you measure quality of software? Explain with any two quality metrics.,Apply,,,,
Explain the risk identification and assessment activities.,Understand,,,,
How task network is used in scheduling of a software project?,Apply,,,,
Explain the software configuration management process.,Understand,,,,
Explain how do you track the progress of an object oriented project?,Understand,,,,
Define software engineering. How software engineering is different from hardware engineering ? Justify.,Evaluate,,,,
Explain process pattern template with an example.,Understand,,,,
What do you mean by evolutionary process models ? Explain spiral model as an evolutionary process model.,Apply,,,,
Explain how extreme programming process supports agility with its framework activities ?,Analyze,,,,
What are requirements engineering tasks ? Explain the elicitation process using quality function deployment,Apply,,,,
Explain the analysis model with its elements.,Understand,,,,
How use cases can be used to model the requirements ? Write an usecase for ‘login’ with a template and diagram.,Apply,,,,
What do you mean by flow modeling ? Explain data flow modeling with an example,Understand,,,,
Explain the following design concepts i) Modularity ii) Architecture,Understand,,,,
What are the different types of design classes ?,Remember,,,,
Explain any two architectural styles with respect to program structure.,Understand,,,,
Explain the user interface design issues.,Understand,,,,
What do you mean by software architecture ? Explain the system context diagram elements with an example.,Understand,,,,
Explain the user interface design process.,Understand,,,,
Define software testing. Explain the unit testing strategy.,Understand,,,,
What is system testing ? Explain any two system testing strategies,Understand,,,,
Explain the following : i) Condition testing ii) Loop testing.,Understand,,,,
Differentiate white box and black box testing. Explain the graph based testing method as a black box testing method.,Understand,,,,
Explain the role of people product and process in project management,Understand,,,,
Differentiate and explain size and function oriented metrics,Understand,,,,
Explain the FP based estimation technique.,Understand,,,,
Explain the concept of make buy decision using decision tree analysis.,Apply,,,,
What is software project estimation ? How use cases are used in estimation ?,Apply,,,,
How do you measure software quality in terms of maintainability and integrity ?,Evaluate,,,,
What is a task network in project scheduling ? Explain with an example,Understand,,,,
How risk projection is carried out using risk table ?,Apply,,,,
What is software configuration management ? Explain the change control mechanism in software configuration management,Understand,,,,
Explain earned value analysis in project scheduling,Understand,,,,
What is a software process model? Explain the types of software process models.,Understand,,,,
Explain the key challenges facing software engineering.,Understand,,,,
With a neat block diagram explain the systems engineering process activities.,Understand,,,,
With a neat block diagram explain the spiral process model,Understand,,,,
Define dependability. Also explain briefly the four principle dimensions of dependability.,Understand,,,,
With appropriate block diagram explain briefly the requirement engineering process for software specification activities,Understand,,,,
For the set of tasks shown below draw the project scheduling using i) Activity chart. ii) Gantt / Bar chart. iii) Staff allocation versus time chart. Assuming start date of project as 01 Nov.2014.,Apply,,,,
Draw a state machine model of a simple microwave oven.,Apply,,,,
Draw a sequence diagram for withdrawing money from ATM.,Apply,,,,
Write the IEEE format of writing SRS.,Understand,,,,
Differentiate between: i) User requirements and system requirements. ii) Functional requirements and non-functional requirements.,Understand,,,,
Explain briefly the techniques of requirements discovery.,Understand,,,,
List the system structuring styles and explain the repository model with a block diagram.,Understand,,,,
With a neat block diagram explain the object oriented decomposition for invoice processing sub-system.,Apply,,,,
Explain briefly: i) Call-Return control model. ii) Broadcast control model.,Understand,,,,
With appropriate block diagram explain briefly extreme programming process model.,Understand,,,,
With appropriate block diagram explain the system evolution process.,Understand,,,,
Explain briefly the software inspection process,Understand,,,,
With a neat block diagram explain the verification and validation process (V-model).,Understand,,,,
Perform the path testing for the following program flow graph by computing Cyclomatic complexity,Apply,,,,
Write short notes on: a. Legacy system.   b. COCOMO model.  c. Capability maturity model   d.  Software testing process,Understand,,,,
Define software software engineering software process.,Remember,,,,
What are attributes of good software?,Remember,,,,
Explain two types of emergent properties?,Understand,,,,
Explain System dependability.,Understand,,,,
Explain process iteration.,Understand,,,,
Give Software Requirement Document (IEEE STANDARD).,Remember,,,,
Explain requirement validation.,Understand,,,,
Explain structured methods.,Understand,,,,
Explain risk management.,Understand,,,,
Explain system organization.,Understand,,,,
Give state diagram for weather station and explain design evaluation.,Apply,,,,
Explain extreme programming.,Understand,,,,
Give Lehman's Law.,Remember,,,,
Explain clean room software development.,Understand,,,,
Explain component Testing.,Understand,,,,
Give factors governing staff selection.,Evaluate,,,,
Name factors affecting software engineering productivity and cost estimation techniques.,Remember,,,,
What is software? Explain the essential attributes of a good software.,Understand,,,,
List and explain any five software engineering code of ethics and professional practices.,Understand,,,,
Describe briefly the phases of the system engineering process with a neat diagram.,Understand,,,,
Define critical systems. Explain the four principle dimensions of system dependability.,Understand,,,,
Briefly discuss the reliability terminologies and mention the approaches to system reliability enhancement.,Understand,,,,
What is software process? With a neat diagram explain the software design process activities, in detail.,Understand,,,
What are the different metrics for specifying non-functional requirements? Explain any two of them.,Understand,,,,
 Write the IEEE standard format for requirement document.,Remember,,,,
Give reasons why requirement elicitation and analysis is a difficult phase in requirements engineering process.,Understand,,,,
What are volatile requirements? Briefly discuss the classification of volatile requirements.,Understand,,,,
Draw and explain the sequence diagram for ATM system.,Create,,,,
Mention the weaknesses of structured methods when used to produce system models.,Evaluate,,,,
Explain the risk management process with a neat diagram.,Understand,,,,
Define architectural design. With an example describe the repository model and give its advantages and disadvantages.,Understand,,,,
 Briefly discuss the architectural design decisions.,Understand,,,,
Draw and explain the state diagram for weather station system.,Create,,,,
What is pair programming? Highlight its advantages.,Remember,,,,
Explain with a diagram rapid application development environment.,Understand,,,,
Explain the activities involved in re-engineering process with an illustrative figure.,Understand,,,,
Briefly discuss some of the automated static analysis checks.,Understand,,,,
Explain the five key strategies of clean room software development.,Understand,,,,
What is test automation? Explain with figure the tools that might be included in a testing workbench.,Understand,,,,
Name and explain any five factors governing staff selection.,Understand,,,,
 Briefly discuss the advantages and disadvantages of group cohesiveness that influence group working.,Understand,,,,
Explain in detail algorithmic cost models in project planning.,Understand,,,,
What are the attributes of a good software? Explain. Also list and explain the key challenges facing software engineering.,Understand,,,,
Explain with block diagram the system engineering process.,Understand,,,,
Define the term dependability. List and explain the various dependability properties.,Understand,,,,
What is a software process model? Explain with a block diagram the evolutionary development model.,Understand,,,,
Distinguish between functional and non-functional requirements. With a block diagram explain non-functional requirement types.,Understand,,,,
List at least five stake holders for an automated university examination system. Classify the identified stake holders under different view points.,Analyze,,,,
Write short notes on:    a. Context Models.    b. Objects Models   c. Project Scheduling    d. Risk Management,Understand,,,,
Explain the terms:  a. Architectural design decisions.  b. The repository model.    c. Unified modeling language (UML).   d. Sequence models.,Understand,,,,
List and explain the principles of agile methods. Also explain the problems with agile methods.,Understand,,,,
Define Program Evolution Dynamics. Discuss the Lehman laws for program evolution dynamics.,Understand,,,,
 Explain the various inspection roles and inspection check lists for software inspection process.,Understand,,,,
What is partition testing Identify equivalence class partitions for automated air conditioning system having at least four partitions.List also the boundary values for each class.,Analyze,,,,
Define people capability maturity model (PCMM). With a block diagram explain various  P-CMM levels.,Understand,,,,
List and explain various COCOMO cost estimation models.,Understand,,,,
Explain the types of software process model.,Understand,,,,
What are professional and ethical responsibility of software engineering?,Remember,,,,
Differentiate between technical computer based system and socio—technical system.,Understand,,,,
With a relevant figure bring out different disparities involved in software engineering.,Analyze,,,,
Explain the concept of safety and security in system.,Understand,,,,
Bring out the different factors of system dependability.,Analyze,,,,
Explain the software specification with neat diagram.,Understand,,,,
Briefly list out non—functional requirements of software system.,Remember,,,,
Explain the requirement engineering process with relevant figures.,Understand,,,,
Explain the different system models which can be created during analysis process.,Understand,,,,
Explain the management activities of a software manager.,Understand,,,,
What is need of architectural design decision? List out different that can be developed.,Remember,,,,
Describe the concept of client — server model with a neat diagram.,Understand,,,,
Explain the centralized control model. ,Understand,,,,
Explain the principles of agile methods.,Understand,,,,
Explain the different types of software maintenance,Understand,,,,
Explain the software evolution process.,Understand,,,,
With a neat diagram explain the inspection process.,Understand,,,,
Explain the stages involved in automatic static analysis.,Understand,,,,
Explain the performance testing.,Understand,,,,
Describe the four factors of people management.,Understand,,,,
Explain the Maslow concept of motivating people,Understand,,,,
Describe the cost estimation-techniques with relevant example.,Understand,,,,
What are attributes of good software?,Remember,,,,
Define Software Engineering. Explain different types of software product.,Understand,,,,
Explain emergent system properties with examples.,Understand,,,,
Explain the different types of critical systems.,Understand,,,,
 Explain security terminologies.,Understand,,,,
Describe rational unified process with block diagram.,Understand,,,,
Explain the metrics for specifying non-functional requirements.,Understand,,,,
Explain requirement engineering process.,Understand,,,,
Explain the structure of the requirements document.,Understand,,,,
List and explain different types of system models.,Understand,,,,
What are project management activities? Explain.,Understand,,,,
With an example describe the repository model and give its advantages and disadvantages.,Understand,,,,
Draw and explain state diagram for a typical weather station.,Apply,,,,
Explain the principles of agile methods.,Understand,,,,
 What is pair programming? Explain its advantages.,Remember,,,,
Explain Lehman's laws of program evolution dynamics.,Understand,,,,
Briefly explain the roles in inspection process.,Understand,,,,
Explain clean -room software development.,Understand,,,,
Explain general model of testing with the help of block diagram.,Understand,,,,
Explain any five factors governing staff selection.,Evaluate,,,,
What are the factors that influence group working?,Remember,,,,
Explain cost estimation techniques.,Understand,,,,
Answer the following questions:  I) Difference between software engineering and System Engineering.   ii) What is the software process model ?   Iii) What are key challenges facing software engineering?,Understand,,,,
What are emergent system properties? Give examples. Explain the types of emergent properties.,Understand,,,,
Define legacy system ? Explain the layered model of legacy system.,Understand,,,,
What are the types of critical systems? Define. Write a simple safety critical system and explain.,Create,,,,
Explain the evolutionary development and its properties.,Understand,,,,
Write Boehm's spiral model of the software process and explain.,Create,,,,
List out the notations for requirement with description.,Remember,,,,
Write the roles of the users of a requirement document.,Remember,,,,
What is Ethnography? How ethnography is effective in discovering the types of requirements ?,Evaluate,,,,
Draw the state machine model of a microwave oven.,Create,,,,
What is object aggregation ? Write an example showing aggregation with notation.,Understand,,,,
According to Bas et al what are the advantages of designing and documenting software architecture?,Remember,,,,
Explain event driven systems.,Understand,,,,
What is a sequence model? Write the sequence model of operations in collecting the data from a weather station and explain.,Create,,,,
Explain the difficulties with iterative development and incremental delivery.,Understand,,,,
Briefly discuss the extreme programming release cycle with a neat diagram.,Understand,,,,
How software maintenance is carries out? Explain briefly.,Understand,,,,
Explain V-model with a neat diagram for planning verification and Validation process.,Understand,,,,
Explain the characteristics of clean room software development.,Understand,,,,
Explain any one of the approaches to test case design.,Understand,,,,
Why people capability maturity model is used? Explain P-CMM model.,Understand,,,,
List the factors that influence the effectiveness of communication.,Remember,,,,
Write a note on project duration and staffing.,Understand,,,,
Name the types of metrics used to estimate productivity.,Remember,,,,
Describe FOUR Ps for Project Management and explain any THREE in detail.,Understand,,,,
What does CASE stands for? Explain all the CASE components.,Understand,,,,
Define Software Engineering. Draw and explain Software Engineering layers.,Understand,,,,
Write and explain briefly possible reasons for project failure.,Understand,,,,
Describe two main features of Spiral model and discuss working of Prototyping model with its diagram,Understand,,,,
Discuss umbrella activities and its role in software development life cycle (SDLC).,Understand,,,,
Explain W5HH principle with respect to software project management,Understand,,,,
Draw context diagram and data flow diagram (DFD) for Airlines Reservation System.,Create,,,,
What is Software Reliability? Compare Black Box testing and White Box testing in software product.,Understand,,,,
Prepare an E-R diagram for a Hospital Management System.,Create,,,,
Describe process of requirement engineering in detail.,Understand,,,,
Discuss all generic frame work activities of software engineering with respect to any one process model.,Understand,,,,
What is testing? What is debugging? Draw the spiral diagram showing testing strategies with phases of software development,Apply,,,,
Draw database design model and discuss Architectural design and Interface design.,Apply,,,,
What is User Interface (UI)? Explain the design model for UI.,Understand,,,,
Discuss Incremental process model with its diagram and compare with Waterfall model.,Analyze,,,,
Define Software Quality Assurance (SQA) and explain SQA activities.,Understand,,,,
Explain the difference between software and hardware characteristics.,Understand,,,,
List and explain very briefly various activities of software engineering process framework.,Understand,,,,
Explain the process model which is normally suits for development of large-scale software system.,Analyze,,,,
Develop a complete Use Case System for ATM machine.,Create,,,,
Consider a project to develop a text editor. Major modules of project are: 1. Menu Panel (size 9KB) 2. Text editing window (size 4 KB) 3. Short cut  keys handler (size 6 KB). Use COCOMO to determine the overall cost of the project and duration of development.,Apply,,,,
Explain function point analysis method. Compute the function points for the following data set: Inputs =8 Outputs= 12 Inquiries = 4 Logical files = 41 Interfaces =1 and   Fi = 41.,Analyze,,,,
Using appropriate example Explain control flow model.,Understand,,,,
Define module coupling and cohesion. Explain different types of coupling and cohesion.,Understand,,,,
Explain functional modeling of a system. Draw data flow diagram for an ATM machine.,Create,,,,
What is the difference between software architecture and software design? Explain any two architectural styles of software.,Understand,,,,
Write short note on : Risk Management,Understand,,,,
Explain Version Management and code quality management under changing conditions.,Understand,,,,
Explain Importance of SQA.,Understand,,,,
What is Black box testing? Explain any one technique to carry out black box testing.,Apply,,,,
What are different levels of testing and the goals of each level?,Remember,,,,
Write short note on : Software Prototyping.,Understand,,,,
Write short note on: Integrated CASE Environment.,Understand,,,,
Write short note on: Software Project Management,Understand,,,,
What is Software Engineering ? What is Process ? What is Product?,Remember,,,,
Explain Requirement engineering process.,Understand,,,,
Explain Spiral Process Model and its advantages .,Understand,,,,
Explain Feasibility Study of College Management System.,Analyze,,,,
Explain Feasibility Study of Hospital Management System,Analyze,,,,
Explain Functional and non functional requirement,Understand,,,,
Explain Prototype model and compare it with Water Fall process model .,Analyze,,,,
What is Data design architectural design and procedural Design?,Remember,,,,
Draw E-R Diagram for university result system,Create,,,,
Explain User Interface Design Concepts with example.,Understand,,,,
Explain Different Quality standards.,Understand,,,,
Explain Software Quality Assurance Techniques.,Understand,,,,
What are the steps in software Project Planning? What is effort estimation?,Remember,,,,
Explain Different Testing Techniques.,Understand,,,,
Explain CASE and building blocks of CASE,Understand,,,,
Explain Different Metrics Size Functional and complexity,Understand,,,,
Explain : Reliability  Cyclomatic Complexity ,Understand,,,,
Once we write the program and test it our work is not over.,Remember,,,,
Design should be traceable to the requirements model., Remember,,,,
Full form of MTBF is  Mean Time Between Failure., Remember,,,,
Context diagram represents system as a whole.,Remember,,,,
For software architecture there can be many separate software designs., Remember,,,,
Most of the technical effort is consumed in design phase of software development.,Remember,,,,
Black Box testing focuses on the program control structure,Remember,,,,
Explain in detail the process model which is normally suited for development of large-scale software system.,Evaluate,,,,
Explain Spiral model with suitable example. Also explain how it differs from Software Prototyping model,Analyze,,,,
Consider a project to develop a text editor. Major modules of project are: 1. Menu Panel (size 9KB) 2. Text editing window (size 4 KB) 3. Short cut  keys handler (size 6 KB). Use COCOMO to determine the overall cost of the project and duration of developm,Apply,,,,
Explain function point analysis method. Compute the function points for the following data set: Inputs =8 Outputs= 12 Inquiries = 4 Logical files = 41 Interfaces =1 and   Fi = 41., Apply,,,,
What is SRS? Why SRS is known as black-box specification of the system? What are major issues addressed by SRS?,Remember,,,,
Define module coupling and cohesion. Explain different types of coupling and cohesion.,Understand,,,,
What is Software Quality Assurance? Explain various factors that affect Software Quality.,Understand,,,,
Explain the process model which is used in situations where the requirements are well defined.,Apply,,,,
Write short note on : Risk Management,Understand,,,,
Explain “How to manage the different versions that get created and how to maintain code quality under changing conditions.”,Understand,,,,
Explain in detail the design issues while designing User Interface.,Understand,,,,
Explain Black box testing and White box testing. Explain any one technique to carry out each testing.,Understand,,,,
What are different levels of testing and the goals of the different levels?,Remember,,,,
Write short note on: Reverse Engineering.,Understand,,,,
Explain Software Process Improvement. Explain various elements of SPI framework and maturity model.,Understand,,,,
Write short note on: Software Project Management,Understand,,,,
Explain incremental model for system development. Differentiate it with spiral model.,Analyze,,,,
What is W5HH principle? Explain in detail.,Understand,,,,
Draw the Data Flow Diagram with different levels for withdraw and deposit of money in a bank,Create,,,,
What is software prototyping? Explain its significance in software engineering with example.,Understand,,,,
Define Quality for software. List and explain SQA activities,Understand,,,,
Prepare an E-R diagram for a simple Library Management System.,Create,,,,
Explain software testing strategy for conventional software architecture. Draw the spiral diagram showing testing strategies with phases of software development.,Create,,,,
Prepare a state diagram for Microwave Oven showing all states of it.,Create,,,,
How unit testing strategy works on a software module? What errors are commonly found during unit testing?,Analyze,,,,
Define FOUR Ps for project management and explain them in detail,Understand,,,,
Explain the significance of User Interface (UI) in a system. Also explain the design model for UI.,Apply,,,,
List and explain requirement engineering tasks.,Understand,,,,
What is Cyclomatic Complexity? Define steps to find cyclomatic complexity using flow graph.,Apply,,,,
What is activity diagram and swim-lane diagram? Draw activity diagram for Billing Counter of a shopping mall.,Create,,,,
Draw and explain Process Framework,Understand,,,,
How do we define software engineering? Draw and explain software engineering layers.,Understand,,,,
What is Object Oriented Design of a system? Create a class diagram showing all possible relationships between classes of a system,Create,,,,
Describe the difference between risk components and risk drivers.,Understand,,,,
Develop a complete use cases for the system which is known to you.,Create,,,,
Develop a complete test strategy for the system which is known to you.,Create,,,,
Describe requirements validation,Understand,,,,
Describe generic view of software Engineering.,Understand,,,,
Explain in brief the spiral model,Understand,,,,
Using appropriate example explain control flow mode,Understand,,,,
Explain in brief the process model which is used in situations where requirements are well defined and stable.,Apply,,,,
Using appropriate example explain data dictionary,Understand,,,,
Explain the W^5HH principle,Understand,,,,
List set of guidelines for formal technical reviews,Remember,,,,
List and explain work tasks for the communication activity,Understand,,,,
Explain importance of SQA,Understand,,,,
Using example explain the basic path testing method,Understand,,,,
Describe coding standards.,Understand,,,,
List set of guidelines for BVA ? Also Explain merits and demerits of BVA,Remember,,,,
Describe integrated CASE Environment,Understand,,,,
Distinguish verification and validation.,Understand,,,,
 Define System Engineering.,Remember,,,,
 What do you mean by functional and non–functional requirements?,Remember,,,,
List two advantages 'of employing Prototyping in Software.Process.,Remember,,,,
Define Software Architecture.,Remember,,,,
 List the notations used in Data-flow models:,Remember,,,,
 What are the classes of loops that can.be tested?,Remember,,,,
What isCyclomatic complexity?.,Remember,,,,
What is software configuration management?,Remember,,,,
What is error tracking?,Remember,,,,
Discuss in detail about any two evolutionary process models.,Understand,,,,
Discuss about the claSsic Waterfall process model.,Understand,,,,
Explain the prototype paradigm in process Models,Understand,,,,
What are the components of the standard structure for the software requirements document? Explain in detail.,Understand,,,,
Write the software requirement specification for a system of your  choice,Create,,,,
What are the types of behavioural models? Explain with examples.,Understand,,,,
Explain in detail about any four architectural styles.,Understand,,,,
What are the characteristics of a .real-time system? Explain why  real-time systems usually have to be implemented using concurrent   processes,Apply,,,,
Illustrate with the aid of an appropriate .example how to design a real-time monitoring and control systems:,Create,,,,
 Explain in detail about the Integration testing.,Understand,,,,
Explain in detail about Basis path testing,Understand,,,,
What is COCOMO model? Explain in detail,Understand,,,,
What are CASE tools? ExpliOn the role of CASE tools in software development process.,Understand,,,,
Elaborate on Software Configuration Management.,Understand,,,,
What are the categories of software risks? Give an overview  about   risk management. ,Understand,,,,
What is software process? List its activities.,Remember,,,,
Distinguish between verification and validation.,Understand,,,,
List the benefits of software prototyping.,Remember,,,,
What is data dictionary?,Remember,,,,
Define data abstraction.,Remember,,,,
Write the use of data acquisition system.,Remember,,,,
What is black box testing?,Remember,,,,
 Write down the generic characteristics of software testing.,Remember,,,,
Compare size-oriented with function-oriented metrics.,Understand,,,,
What do you mean by estimation risk? ,Remember,,,,
With a neat sketch explain the function of system engineering process.,Understand,,,,
What is computer based . system? Explain the various systeml elements used in it,Understand,,,,
Explain the business process engineering hierarchy with an  example.,Understand,,,,
What is the goal of product engineering?,Understand,,,,
Explain the metrics used for specifying non-functional  requirements.,Understand,,,,
Show the template of IEEE standard software requirements document,Apply,,,,
Explain the function-of requirements engineering process.,Understand,,,,
Describe the use of behavioral model with-examples,Understand,,,,
Discuss the design heuristics for effective modularity design,Apply,,,,
Explain the architectural styles used in architectural design,Understand,,,,
List the activities of user interface design process,Remember,,,,
Explain the general model of a real time system,Understand,,,,
Explain the integration testing in detail,Understand,,,,
Write note on unit testing,Understand,,,,
Explain the categories of debugging approaches,Understand,,,,
EXplain the use of COCOMO model,Understand,,,,
Describe the steps involved in project scheduling process,Understand,,,,
Briefly discuss the activities . of Software configuration management.,Understand,,,,
Explain the types of software project plan,Understand,,,,
What is Software Engineering?,Remember,,,,
`Software doesn't wear out'. Justify,Evaluate,,,,
List two advantages of using traceability tables in the requirements  management phase:,Remember,,,,
What are the types.of prototypes?,Remember,,,,
Develop a CRC model index card for a class 'Account' used in a Banking  application.,Create,,,,
List two principles of good design.,Remember,,,,
What are the levels at which testing is done?,Analyze,,,,
 Define Regression Testing.,Remember,,,,
Define Software Quality.,Remember,,,,
What is Risk? Give an example of risk.,Understand,,,,
Compare the following life cycle models based on their distinguishing factors, strengths and weaknesses Waterfall Model, RAD Model, Spiral'Model and Formal Methods Model.,Analyze,
 Develop the use case diagram for the specification above,Create,,,,
For any two scenarios draw an activity diagram and sequence diagram.,Create,,,,
What is the purpose of feasibility study? ,Remember,,,,
State the inputs and results of the feasibility study,Remember,,,,
List any four issues addressed by. a feasibility study.,Remember,,,,
Elaborate the phases-involved when carrying out a feasibility study,Understand,,,,
Differentiate functional and non-functional requirements.,Understand,,,,
For the requirement given below identify stakeholders functional and non functional requirements, Analyze,,,,
What is system modelling? Explain the 'process of creating models and the factors that should.be considered when building models.,Understand,,,,
Give a name for the system. Draw the Level 6 DFD (Context Flow 'Diagram)  Draw the Level — DFD.,Create,,,,
Given a set Of numbers 'n' ,the function FindPrime(a[ ]n) prints a number if it is a _prime number. Draw control flow graph, calculate the cyclomatic complexity and enumerate all paths. State how 'many test cases are needed to adequately cover .the code in terms of branches, decisions and-statement? Develop the necessary test cases using sample values for 'a' and 'n'.,Create,
What is black box testing? ,Remember,,,,
What is Equivalence Class Partitioning? list rules used to define valid and invalid equivalence classes. EXplain the technique Using examples.,Understand,,,,
What is Boundary Value Analysis? Explain the technique specifying rules. and its usage with the. help of an example.,Understand,,,,
Explain the COC.OMO model for estimation.,Understand,,,,
State ZIPF's law.,Remember,,,,
What is the purpose of Delphi method? State advantages and disadvantages of the method.,Remember,,,,
What is SoftWare Configuration Management? Explain various aspects of Configuration. Management.,Understand,,,,
What are the potential advantages of adhering to life cycle models for software?,Remember,,,,
Is it always possible to realize win-win model for software? Justify.,Evaluate,,,,
Distinguish between the terms inception elicitation and elaboration with reference to requirements.,Understand,,,,
An SRS is traceable. Comment.,Understand,,,,
How do you apply modularizalion criteria for a monolithic software?,Apply,,,,
What. are the design quality attributes 'FURL'S' meant?,Remember,,,,
What is a Big-Bang approach?,Remember,,,,
How are the software testing results related to the reliability of the software?,Understand,,,,
An organic software occupies 15,000 LOC. How many programmers are needed   to complete?,Apply,,,
How are the software risks assessed?,Evaluate,,,,
Describe waterfall incremental, iterative water fall model and spiral  model based SLCS and compare.,Understand,,,
How the software products are classified? Discuss briefly about business process engineering and product engineering.,Understand,,,,
Describe the requirement engineering process and how the requirements  are managed.,Understand,,,,
Explain the functional and behavioural models for software requirement  process.,Understand,,,,
Discuss about software architecture design with emphasize on far in far out coupling cohesion and factoring.,Understand,,,,
 What are the characteristics of a good user interface design? Describe  ow UID may be developed for a data acquisition system.,Understand,,,,
Write elaborately on white box testing for a software. How do you develop test suites?,Create,,,,
Discuss the software implementation techniques and debugging guidelines.,Understand,,,,
How the cost of a software is estimated using (i) function point metric model (ii) cocomo (by three methods). What is the contribution of  technology complexity factor in function point model?,Apply,,,,
Write short notes on the following : (i) PERT and CP/vi for scheduling  (ii) RIVIMP  (iii) ESTIMACS and   (iv) Software maintenance cost. ,Understand,,,,
Prototype is : a) Mini model of existing system  b) Mini model of proposed system c) Working model of the existing system d) None of these.,Remember,,,,
The present trend in data processing system is : a) Distributed processing b) Remote processing c) Real-time processing  d) None of these.,,,,,
 A class is a : a)  group of objects b) template of object of a particular type c)class of object d)classification of object.,Remember,,,,
In UML diagram of a class a) state of object cannot be represented  b) state is irrelevant c) state is represented as an attribute  d) state is represented as a result of operation.,Remember,,,,
The testing performed by friendly user is : a) Alpha testing      b) Beta testing  c) White box testing  d) None of these.,Remember,,,,
A good software design contains :   a) High cohesion and low coupling  b) Low cohesion and low coupling   c) High cohesion and high coupling d) Low cohesion and high coupling.,Remember,,,,
Which is not supported by UML ? a) Use case diagram   b) Class diagram  c) ER diagram         d) Sequence diagram.,Remember,,,,
How many parameters are used in complexity  adjustment in F.P. ?  :  a)  17   b)  21   c)  14                d)  12.,Remember,,,,
ix) Which level of SEI CMM is called as managed ?  : a) Level 1                b) Level 2     c)   Level 3              d) Level 4.,Remember,,,,
What is the approximate time taken for coding ?   a) 17%                    b) 21%   c) 3%                     d) 40&.,Remember,,,,
What are Cohesion and Coupling ? Classify them according  to priority.,Understand,,,,
What is Configuration Management ? Discuss about the necessity of Configuration Management.  ,Analyze,,,,
 Compare function oriented and object oriented approach for  software design with example.,Understand,,,,
Why do we need Structure analysis and Structure design ?  What is Context diagram ?   ,Remember,,,,
Determine the Cyclomatic complexity for GCD function. ,Evaluate,,,,
 Explain the drawbacks of waterfall model. Why is sprial model called meta model ?   ,Understand,,,,
What is a prototype model ? Under what circumstances is it beneficial to construct a prototype model ? Does  the construction of a prototype model always increase  the overall cost ? ,Evaluate,,,,
Who are the different categories of users of the SRS  document ? What are their expectations from SRS ?,Remember,,,,
What are the advantages of requirement specification  document ? Who is a good software engineer ?,Remember,,,,
Which life cycle model will you follow for developing software for — i) a game ? (ii) a Compiler for new language ?   ,Apply,,,,
What is the role of a manager in project management ?  What is Risk Containment ?       ,Remember,,,,
Write short note on Intermediate COCOMO and  Complete COCOMO.   ,Understand,,,,
Two software engineers separately estimated a given  project to be of 10000 and 15000 lines of code  respectively. Bring out the Effort and Schedule time implications of their estimate using Organic COCOMO.,Apply,,,,
Why do we need to maintain the coding standard and   guidelines for coding ? What are the standards we need  to maintain ?       ,Remember,,,,
Draw a DFD for Hotel Management System. ,Create,,,,
 What are the shortcomings of CMM ? Compare ISO 9000 certification and SEI CMM.,Understand,,,,
Write short notes on the following : (i)     TQM (ii) Boundary value analysis (iii) Alpha and Beta testing.,Understand,,,,
Tracking the correspondence between the design  component and the SRS is known as :  a) Availability        b) Traceability   c)  Maintainability    d) Reliability.,Remember,,,,
When the two bubbles are interconnected directly, it is referred as  a) Serial DFD          b) Direct DFD  c) Synchronous         d) Balanced DFD.,Remember,,,
DFD balancing means :  a) Balancing of weight of processes e b) Must match the total number of bubbles c) Must match the data flow at the next level of DFD  d) none of these.,Remember,,,,
System Testing performed by a friendly set of cAsto ers is called : a) Alpha Testing        b) Beta Testing c) Performance Testing d) Usability Testing. ,Remember,,,,
Function Point describes  a) The SRS document b) The test plans c) The functional decomposition  d) The size of a software product directly from its  specification.,Remember,,,,
The potential risks are best detected by a) Spiral Model         b) Waterfall Model c) Incremental Model    d) Prototyping Model.,Remember,,,,
The most desirable form of cohesion is  a) sequential cohesion b) procedural cohesion c) coincidental cohesion d) functional cohesion.,Remember,,,,
Software testing is the 10 a) process of demonstrating t t errors are not  present  b) process of establishing confidence that a program  does what it is supposed to do c) process of executing a program to show that it is  working as per specifications d) process of executing a program with the intent of  finding errors.,Remember,,,,
The best type of coupling is a) Coincidental   b)Logical  c) Informational    d) Functional.,Remember,,,,
 Big Bank Integration testing is useful for projects with   a) smaller number of modules  b) large number of modules   c) average number of modules   d) None of these.,Remember,,,,
Explain Data-Dictionary.,Understand,,,,
What is integration testing ? Explain with suitable example.,Understand,,,,
What is layered architecture ? ,Remember,,,,
What are the various classifications of failures ? Briefly   explain it.,Understand,,,,
Briefly explain the basic issues of Software Reuse.,Understand,,,,
Define Software Quality. ,Remember,,,,
Draw the CFG of the following code segment and find ,Apply,,,,
McCabe Cyclomatic complexity by applying all the methods. ,,,,,
test(int bint cint x),,,,,
b. = c + 5,,,,,
While(x =1) {,,,,,
  x=x-1,,,,,
if (x = 7)x: = 8,,,,,
else test (x,3, x - 1) ;,,,
  },,,,,
 },Apply,,,,
What are cohesion and coupling ? Discuss different kinds of cohesion.,Evaluate,,,,
If a module has logical cohesion what kind of coupling  is this module likely to have with other modules ? Justify your answer.,Evaluate,,,,
Why is SRS document known as black box specification  of a system ?     ,Analyze,,,,
a) Define with examples the different categories of software  development projects according to the COCOMO  estimation model.,Understand,,,,
b) The size of an organic type software system to be   developed by SCV Consultancy Services has been estimated to be 200 KLOC. Determine the effort   required to develop the software system.,Apply,,,,
a) Explain Meta Model.      ,Understand,,,,
b) A Library Membership Software (LMS) should support the following three options : (i) New member   (ii) Renewal (iii) Cancel membership.  Draw Decision Tree and also implement Decision Table  for the system.   ,Create,,,,
c) Explain unit testing system testing and accept nce   testing.,Understand,,,,
d) What is coding standard ? What are the contents of coding header ?     ,Remember,,,,
a) Explain different types of 'performance testing.  ,Understand,,,,
b) Explain 'equivalence class partitioning' with an example. ,Understand,,,,
c) Differentiate between 'code walkthrough' and 'code  inspection'.,Understand,,,,
Calculate the software product's maintenance cost.,Apply,,,,
a) Who are the different categories of users of the SRS document ? What are their expectations from the SRS document ?,Remember,,,,
What are the advantages of SRS document ? What are  'test data' and 'test vector ?  ,Remember,,,,
c) What are the different types of team structure followed  in software projects ? Discuss them briefly.,Understand,,,,
a) What are the differences between fault failure and  error ?        ,Understand,,,,
b) Write a C function to find the maximum of three integer numbers. Now draw the control flow graph for that  C function. Also find its cyclomatic complexity using possible methods.      ,Create,,,,
Write down two differences between a structure chart and a flow chart.    ,Understand,,,,
d) Distinguish between high-level and detailed designs.  What documents should be produced on completion of  high-level and detailed designs respectively ?,Understand,,,,
a) Draw the context diagram and Level 1 DFD for the  following Mail Order Processing System.  ,Create,,,,
b) Explain when you use the PERT charts and when to use  Gnatt charts, if you were to perform the duties of a  project manager.   ,Understand,,,
c) How are the concepts of Cohesion and Coupling useful   in arriving at good software design ?  ,Understand,,,,
Who proposed the Spiral Model ? a) Boehm    b) Winston Royce c) Rumbaugh  d) Booch.,Remember,,,,
Cardinality in an ER Diagram refers to a) number of attributes in an entity b) the order of co-related entities c) the number of sub-entities d) degree of a relationship.,Remember,,,,
If data from one module is used to direct the o der of  execution in another, then the coupling is known as  a) Stamp Coupling      b) Data Coupling c) Control Coupling    d) Content Coupling.,Remember,,,
To achieve a good design, modules should have a) Weak cohesion Low coupling b) Weak cohesion High coupling c) Strong cohesion Low coupling  d) Strong cohesion High coupling.,Remember,,,
Alpha-testing is done by a) the development team r A b) a friendly set of customers c) the customer himself  d) none of these.,Remember,,,,
Equivalence class partitioning is followed in the   a) white-box testing   b) black-box testing   c) verification        d) none of these.,Remember,,,,
Functionality of software is tested by a) white-box testing  b) glass-box testing c) black-box testing  d) none of these.,Remember,,,,
Which model is generally used for developing GUI of a  system ?  a) Spiral 1%)No/  b) Prototyping c) Iterative waterfall) d) Evolutionary.  ,,,,,
Normalization is used for reducing a) atomicity  b)redundancy  c)    both (a) 85 (b)         d) none of these.,,,,,
Data hiding can be achieved by a) Data Encapsulation  b) Data Overloading  c) Data Abstraction  d) Polymorphism.,,,,,
What are 'baselines' with respect to software configuration management ? ,Remember,,,,
 What is the necessity of software configuration management in developing a software ? ,Remember,,,,
a) What are stress testing and volume testing ?,Remember,,,,
b) Why is testing important ?,Remember,,,,
 What are CASE tools ? How are they helpful in software development life cycle ?,Understand,,,,
 Distinguish between softwary verification and software  validation. When during the software life cycle verification  and validation performed ? ,Understand,,,,
Which life cycle model would you follow for developing  software for each of the following applications ? Justify your selection of model with the help of an appropriate reason. a) A Game  b) A Text editor,Analyze,,,,
a) Design a : White Box' Test suite for the following code : ,Create,,,,
What do you understand by software reliability ?,Understand,,,,
Define the following terms : MTTF MTTBR ROCOF.  ,Remember,,,,
a) Explain when and why you will use PERT charts and when and why will you use Gantt charts while you are   project manager.,Analyze,,,,
b) Consider a software project with 5 activities T1 to T5.   Duration of 5 activities in weeks are 3,2,3,5, 2  respectively. T2 and T4 can start when T1 is complete.  T3 can start when T2 is complete. T5 can start when  both T3 and T4 are complete.  Draw activity network for the project. When is the latest  start date of the activity T3 ? What is the float of the activity T4 ? Which activities are on the critical path ?  Draw the Gantt chart also,Create
It is estimated that there will be 70 errors in a software. During testing 25 errors have been experienced.  Calculate failure intensity with a given value of ɸ = 0.03 using Jelinski-Moranda model. What will be the failure intensity after experiencing 50 errors ? What are  cosmetic and transient errors ?,Apply,,,,
Why is risk analysis important ?  What is the difference between a 'Known' risk and 'Predictable' risk ?        ,Understand,,,,
 Distinguish between a Data Flow Diagram and a flow  chart.     ,Understand,,,,
What is SRS ? Briefly explain the characteristics of a  good SRS.        ,Remember,,,,
 What is meant by stub ? What is a driver ? In which  testing are they required ? Explain briefly.,Understand,,,,
Write short notes on any three of the following :  a) Feasibility study b) Waterfall Model  c) Quality Assurance d) Decision tree and Decision table e) Black Box testing.,Understand,,,,
a) What is the economical feasibility of a'system?,Remember,,,,
b) What is the differenceb etweenI nspectionsa nd Walkthroughs?,Understand,,,,
c) What is Black box Testing strategies?,Remember,,,,
d) What is a decision tree?,Remember,,,,
e) What is Process based estimation?,Remember,,,,
f) Is unit testingp ossibieo r evend esirablein ail circumstances?,Analyze,,,,
g) What is cyclomatic complexity?,Remember,,,,
h) Explain briefly whetherS /W is developedo r engineered,Understand,,,,
l) What is Software Maintenance?,Remember,,,,
j) What is the major duty of a system'analyst?,Remember,,,,
What aret he quality  attributes that every software should possess? Explain them  clearly. List various objectives of software engineering.,Understand,,,,
Explain the waterfall life cycle model.,Understand,,,,
What are test reports? Explain the various testing techniques.,Understand,,,,
What are the projectn management tools used? List them and explain. Explain the side effects that are caused due to software maintennance,Understand,,,,
Who should perform the validation test: S/W developer or S/W user ? Justify your answer.,Evaluate,,,,
Softwarer equiretnenat nalysisis the most communicationin tensives tepi n softwaree ngineeringp rocessD. Iscuss,Understand,,,,
Suppose you want to develop software for a Visitors Registration System For the above mentioned system, develop a Systems Requirembnt Specifications.,Create,,,
What is a user interface. Elaborate the rules for designing the user  interface.,Understand,,,,
What is validation?,Remember,,,,
Whati s embeddesdo ftware?,Remember,,,,
Whati s meantb y softwarem aintenance?,Remember,,,,
What is beta testing?,Remember,,,,
Whati s ther ole of creatinga testd ata,Remember,,,,
Whata rel imitationso f Lineso f Code?,Remember,,,,
What is coupling?,Remember,,,,
What is 4GL environment?,Remember,,,,
Whats oftwarefa ils?,Remember,,,,
Whata red isadvantageosf usingl ibraryr outines?,Remember,,,,
Q2) What are software components?,Remember,,,,
Why is prorotypen ecessary?H ow tloesh is approachs avest he cost and effort?,Understand,,,,
Why the characteristicosf requirementps lay significantr ole in selectinga model?,Remember,,,,
Describet he proceduresto calculatec ost-benefita nalysis.,Understand,,,,
What is meant by feasibility analysis?,Remember,,,,
What is the difference between decision table and decision tree?,Understand,,,,
What is difference among formal, semiformal and informal methods of software development,Understand,,,
Explain various types of COCOMO modes. Explain about the phase wised istributiono f efforts.,Understand,,,,
What types of errors are likely to be discovered through inspection,Remember,,,,
What is softwareq uality andq uality attributes?W hat ares oftwareq uality standards?,Remember,,,,
What is the needf or softwarem aintenance?H ow aret hesem aintained for client seryera rchitecturee nvironment?,Remember,,,,
Explain data design.,Understand,,,,
Explains oftwarec haracteristics.,Understand,,,,
Whati s cyclomaticc omplexity?,Remember,,,,
Whata ret he advantageasn dd isadvantageosf CASEt ools,Remember,,,,
Definet op downa pproachto softwared esign,Remember,,,,
Whati s the differenceb etweenfl owcharta nds tructurec hart?,Understand,,,,
What do you mean by metrics?,Remember,,,,
What is a ER-diagram?,Remember,,,,
What is Rayleigh curve used for?,Remember,,,,
Whatd o youm eanb y SEl-CapabilitMy aturityM odel?,Understand,,,,
Whicha ret het echniquews ithw hichc oste stimateosf a projectm ayb em ade? Explaint heC OCOMOm odel.,Understand,,,,
Whatis meanbt y SoftwareC onfiguratioMn anagement,Remember,,,,
Whata ret hed ifferent oolsu sedf or structuredsy stema nalysis& design.,Understand,,,,
Narnet hev ariousli fe cycler nodelsE. xplaint he spiralr nodeli n detail.,Understand,,,,
How is schedulingo f a project dones o that it is developedi n minimumt ime?,Understand,,,,
What is the difference between structural programming and data oriented designE. xplain.,Understand,,,,
Give a detailed accouni on the debugging techniques on their classification and the methodsi nvolved.,Understand,,,,
ExplainC odings tylea ndC odinge fficiencyL. ist ande xplaint he characteristics of a programmingla nguage.,Understand,,,,
Out of the following life cycle models which one can be considered as the most general model, and the others as specialization of it? a. Classical Waterfall Model    b. Iterative Waterfall Model c. Prototyping Model    d. Spiral Model,Remember,,,
The interface of a software product which is supporting a large number of commands can be developed using________. a. mode-based interface   b.  either mode-based interface or modeless interface c. modeless interface    d. neither mode-based interface nor modeless interface,,,,,
Domain analysis identifies which of the following? a. objects      b. operations  c. relationships among objects   d. all of the above,,,,,
The most abstract artifact associated with software development that can be reused is___.  a. requirements specification     b. design  c. code       d. knowledge e. test cases,Remember,,,,
The primary objective(s) in using any CASE tool is(are):________. a. to increase productivity of software development  b. to decrease software development as well as software maintenance cost c. help to produce better quality software d. all of the above ,Remember,,,,
The basic premise of modern quality assurance is___________. a. continuous process improvement b. thorough product testing  c. if an organization’s processes are good and are followed rigorously then the products are bound to be of good quality  d. collection of process metrics,Remember,,,,
Job specialization is one of the main advantages in case of which organization structure?  a. project format     b. function format  c. either project format or function format  d. both of project format and function format,Remember,,,,
A project estimation technique based on making an educated guess of the project parameters (such as project size, effort required to develop the software project duration cost etc.) is_________.  a. analytical estimation technique   b. heuristic estimation technique c. empirical estimation technique   d. none of the above,Remember,,,
When a system interfaces with other types of systems then that time the testing be required is_________. a. volume testing     b. configuration testing c. compatibility testing    d. maintenance testing,,,,,
,Remember,,,,
The bubbles in a level 1 DFD represent  a. exactly one high-level functional requirement described in SRS document  b. more than one high-level functional requirement  c. part of a high-level functional requirement  d. any of the above depending on the problem  ,Remember,,,,
a. State at least three differences between the exploratory style and modern styles of software development,Understand,,,,
b. What is the need for a software life cycle model? Explain.,Understand,,,,
What is axiomatic specification of system? What are the sequence of steps that can be followed to systematically develop the axiomatic specifications of a function. Give the axiomatic specification of following functions. i. Specify the pre- and post-conditions of a function that takes a real number as argument and returns half the input value if the input is less than or equal to 100, or else returns double the value ii. Axiomatically specify a function named search which takes an integer array and an integer key value as its arguments and returns the index in the array where the key value is present.,Apply,,,
a. Explain at least three reasons in favor of why functional independence is the key factor for a good software design.,Understand,,,,
b. Explain the aim of the structured analysis activity. Which documents are produced at the end of structured analysis activity?,Understand,,,,
a. Differentiate among basic COCOMO model, intermediate COCOMO model and complete COCOMO model.,Understand,,,
b. In what units can you measure the productivity of a software development team? List three important factors that affect the productivity of a software development team.,Remember,,,,
a. Draw the control flow graph for the following function named find maximum. From the control flow graph, determines its Cyclomatic complexity. What is the difference between path and linearly independent path in terms of control flow graph (CFG) of a problem?,Create,,,
 List the major responsibilities of a software project manager. What should be the necessary skills of a software project manager in order to perform the task of software project management?,Remember,,,,
Define six metrics to measure software reliability. Do you consider these metrics entirely satisfactory to provide measure of the reliability of a system? Justify your answer.,Evaluate,,,,
What is the difference between user guidance and on-line help system in the user interface of a software system?,Understand,,,,
Out of the following life cycle models which one can be considered as the most general model, and the others as specialization of it? a) Classical Waterfall Model  b) Iterative Waterfall Model c) Prototyping Model d) Spiral Model,Remember,,,
Which of the following view captured by UML diagrams can be considered as black box model of a system? a) structural view b) behavioural view c) user’s view  d) implementation view,Remember,,,,
Among development phases of software life cycle, which phase typically consumes the maximum effort? a) Requirements analysis and specification b) Design c) Coding d) Testing ,Remember,,,
The design pattern solutions are typically described in terms of  a) class diagrams b) object diagrams c) interaction diagrams d) both class and interaction diagrams ,Remember,,,,
The context diagram of a DFD is also known as a) level 0 DFD  b) level 1 DFD c) level 2 DFD d) none of these,,,,,
Spiral life cycle model is not suitable for products that are vulnerable to large number of risks.,Remember,,,,
The upper rows of the decision table specify the corresponding actions to be taken when an evaluation test is satisfied.,Remember,,,,
Applications developed using 4 GLs would normally be more efficient and run faster compared to applications developed using 3 GL.,Remember,,,,
A DFD model of a system represents the functions performed by the system and the data flow taking place among these functions.,Remember,,,,
The aggregation relationship cannot be reflexive and symmetric but is transitive.,Remember,,,,
Discuss the two important techniques that software engineering uses to tackle the problem of exponential growth of problem complexity with its size.,Understand,,,,
Explain the various phases of a classical waterfall model.,Understand,,,,
Identify the use of algebraic specifications in the context of requirements specification.,Analyze,,,,
Discuss the shortcomings of the DFD model.,Understand,,,,
Explain why is it necessary to create a model in the context of good software development.,Understand,,,,
Explain the purpose of different types of objects identified during domain analysis. Explain how these objects interact among each other.,Analyze,,,,
a.       Write down some popular design patterns and their necessities. ,Remember,,,,
b.      Explain the Menu-based interfaces,Understand,,,,
c.       How does the human cognition capabilities and limitations influence human-computer user interface designing?,Evaluate,,,,
a.       Discuss the various coding standards and coding guidelines ,Understand,,,,
b.      Explain Black Box Testing.,Understand,,,,
c.       What is meant by a task model? Explain it with examples.,Understand,,,,
Write short notes on the following  a. Basic COCOMO model b. Intermediate COCOMO model c. Complete COCOMO model,Understand,,,,
a.       What is egoless programming? How can it be realized?,Understand,,,,
b.       As a project manager, identify the characteristics that you would look for in a software engineer while trying to select personnel for your team.,Analyze,,,
C       List and explain three common types of risks that a typical software project might suffer from.,Remember,,,,
Functional independence results in a) error isolation b) scope of reuse c) understandability d) all of the above ,Remember,,,,
The context diagram of a DFD is also known as a) level 0 DFD  b) level 1 DFD c) level 2 DFD d) none of the above,Remember,,,,
Which of the following view captured by UML diagrams can be considered as black box model of a system? a) structural view b) behavioural view c) user’s view  d) implementation view,Remember,,,,
The class that should be responsible for doing certain things for which it has the necessary information – is the solution proposed by a) creator pattern b) controller pattern c) expert pattern  d) façade pattern,,,,,
 Among development phases of software life cycle, which phase typically consumes the maximum effort? a) Requirements analysis and specification b) Design c) Coding d) Testing ,,,,
Prototyping life cycle model is the most suitable one for undertaking a software development project susceptible to schedule slippage.,Remember,,,,
In the object-oriented design, the basic abstraction is real-world functions.,Remember,,,
DFDs enable a software engineer to develop the data domain and functional domain decomposition of the system at the same time.,Remember,,,,
For any given problem, one should construct all the views using all the diagrams provided by UML.,Remember,,,
The Aggregation relationship can be recursively defined, i.e. an object can contain instances of itself.,Remember,,,
Differentiate between the exploratory style and modern styles of software development.,Understand,,,,
a.       Explain the problems that might be faced by an organization if it does not follow any software life cycle model.,Understand,,,,
b.      Identify the necessity of using formal specification technique in the context of requirements specification.,Remember,,,,
a.       Explain the use of operational semantic. ,Understand,,,,
b.      What does the term “balancing a DFD” mean? Give an example to explain your answer.,Understand,,,,
c.       What is meant by design patterns?,Remember,,,,
a.       Differentiate among different types of objects that are identified during domain analysis and also explain the relationships among those identified objects.,Understand,,,,
b.      Discuss the types of user interfaces,Understand,,,,
c.       Explain the architecture of the X window system.,Understand,,,,
a.       What do you mean by coding?  Identify the necessity of coding standards.,Remember,,,,
b.      Explain unit testing.,Understand,,,,
c.       What is meant by a task model? Explain it with examples.,Understand,,,,
a.       List and explain the different types of system testing.,Understand,,,,
b.      Explain the various types of performance tests that can be performed to check whether the system meets the non-functional requirements identified in the SRS document.,Evaluate,,,,
a.       List and explain three common types of risks that a typical software project might  suffer from.,Remember,,,,
Explain how you can identify the risks that your project is susceptible to. Suppose you are the project manager of a large software development project point out the main steps you would follow to manage risks in your software project.,Analyze,,,,
c.       Explain the necessity of software configuration management?,Understand,,,,
